post,year,annual_peak_cm,annual_peak_date,spring_peak_cm,spring_peak_date,spring_min_cm,spring_amplitude_cm,max_rise_7d_cm_day,max_fall_7d_cm_day,rise_start_date,days_from_rise_to_peak,days_above_p90,days_above_p95,p90_level_cm,p95_level_cm,annual_peak_cm_z,spring_peak_cm_z,spring_amplitude_cm_z,max_rise_7d_cm_day_z,days_above_p90_z,days_above_p95_z
Витим,2008,802.0,2008-06-10,802.0,2008-06-10,43.0,759.0,79.28571428571429,-47.142857142857146,2008-05-11,30,43,21,470.0,588.5,0.36660259704297,0.42608640888481686,0.14333005696359571,0.30358563261840765,0.5182255808698778,0.37241844494863036
Витим,2009,927.0,2009-06-09,927.0,2009-06-09,60.0,867.0,77.14285714285714,-39.857142857142854,2009-05-01,39,49,25,470.0,588.5,1.7448078490842105,1.6014971920153462,1.1380061149278262,0.17324475278223922,0.854371903596285,0.7281614371383669
Витим,2010,724.0,2010-05-19,724.0,2010-05-19,12.0,712.0,76.71428571428571,-43.42857142857143,2010-05-10,9,28,15,470.0,588.5,-0.49339748023076413,-0.30736991978863343,-0.2895382275208379,0.14717657681500554,-0.3221402259461402,-0.16119604333597434
Витим,2011,827.0,2011-04-30,827.0,2011-04-30,-17.0,844.0,115.57142857142857,-71.71428571428571,2011-04-29,1,11,3,470.0,588.5,0.6422436474512181,0.6611685655109227,0.9261769544354438,2.5106911978441824,-1.274554807004294,-1.2284250199051838
Витим,2012,939.0,2012-06-08,939.0,2012-06-08,-27.0,966.0,81.0,-57.142857142857146,2012-05-10,29,74,46,470.0,588.5,1.8771155532801695,1.714336627195877,2.0497925013950375,0.40785833648734154,2.2549815816229817,2.595812146134483
Витим,2013,667.0,2013-05-06,667.0,2013-05-06,47.0,620.0,86.57142857142857,-32.714285714285715,2013-05-05,1,21,9,470.0,588.5,-1.1218590751615698,-0.8433572368961548,-1.1368548694903677,0.7467446240613778,-0.7143109357936153,-0.694810531620579
Витим,2014,601.0,2014-06-15,601.0,2014-06-15,12.0,589.0,56.285714285714285,-30.714285714285715,2014-04-24,52,11,2,470.0,588.5,-1.849551448239345,-1.4639741303890743,-1.4223637379801004,-1.0954064776231274,-1.274554807004294,-1.3173607679526178
Витим,2015,711.0,2015-06-12,711.0,2015-06-12,-6.0,717.0,76.0,-44.0,2015-05-03,40,30,19,470.0,588.5,-0.6367308264430531,-0.42961264123420845,-0.24348841002249394,0.10372961686961664,-0.2100914517040045,0.19454694885376214
Витим,2016,744.0,2016-06-06,744.0,2016-06-06,-20.0,764.0,54.0,-29.142857142857142,2016-05-08,29,20,8,470.0,588.5,-0.2728846399041656,-0.11930419448774872,0.1893798744619397,-1.234436749448373,-0.7703353229146832,-0.7837462796680131
Витим,2017,728.0,2017-07-16,545.0,2017-05-28,-10.0,555.0,68.71428571428571,-36.57142857142857,2017-05-05,23,14,5,470.0,588.5,-0.4492949121654444,-1.9905581612315515,-1.7355024969688397,-0.3394293745733543,-1.1064816456410904,-1.0505535238103156
Витим,2018,874.0,2018-06-03,874.0,2018-06-03,33.0,841.0,79.14285714285714,-36.714285714285715,2018-05-03,31,54,31,470.0,588.5,1.1604488222187246,1.1031230199680018,0.8985470639364375,0.2948962406293292,1.1344938392016244,1.2617759254229717
Витим,2019,784.0,2019-06-14,784.0,2019-06-14,-10.0,794.0,53.714285714285715,-43.57142857142857,2019-05-09,36,20,14,470.0,588.5,0.16814104074903136,0.25682725611402063,0.46567877945200375,-1.2518155334265286,-0.7703353229146832,-0.25013179138340846
Витим,2020,700.0,2020-05-29,700.0,2020-05-29,46.0,654.0,57.142857142857146,-34.142857142857146,2020-04-28,31,39,15,470.0,588.5,-0.7580128886226823,-0.5330487901496951,-0.8237161105016284,-1.0432701256886598,0.2941280323856063,-0.16119604333597434
Витим,2021,787.0,2021-06-09,787.0,2021-06-09,-7.0,794.0,67.14285714285714,-31.142857142857142,2021-05-12,28,31,14,470.0,588.5,0.20121796679802112,0.28503711490915334,0.46567877945200375,-0.43501268645321056,-0.15406706458293665,-0.25013179138340846
Витим,2022,720.0,2022-05-28,720.0,2022-05-28,15.0,705.0,64.57142857142857,-34.714285714285715,2022-05-07,21,49,19,470.0,588.5,-0.5375000482960838,-0.34498306484881036,-0.3540079720185195,-0.5914217422566118,0.854371903596285,0.19454694885376214
Витим,2023,765.0,2023-07-05,755.0,2023-06-14,41.0,714.0,95.71428571428571,-52.714285714285715,2023-05-11,34,46,23,470.0,588.5,-0.04134615756123722,-0.015868045572262145,-0.2711183005215003,1.30286571136236,0.6862987422330814,0.5502899410434986
Жиганск,2008,1241.0,2008-05-29,1241.0,2008-05-29,-147.0,1388.0,141.0,-33.857142857142854,2008-05-21,8,45,21,611.0,746.0,0.7479978047508434,0.7479978047508434,0.611185453216723,0.18718199116467002,1.1245246014185033,0.6081751796812559
Жиганск,2009,1039.0,2009-05-28,1039.0,2009-05-28,-108.0,1147.0,73.85714285714286,-41.285714285714285,2009-05-16,12,41,30,611.0,746.0,-0.40595393985761763,-0.40595393985761763,-0.7105930703972332,-1.7357805410188274,0.7699946778185811,1.7605070990773197
Жиганск,2010,968.0,2010-05-29,968.0,2010-05-29,-162.0,1130.0,119.28571428571429,-35.714285714285715,2010-05-24,5,16,11,611.0,746.0,-0.8115508401902946,-0.8115508401902946,-0.8038305596148151,-0.4347122745627588,-1.4458173446809328,-0.6721936196477039
Жиганск,2011,1007.0,2011-05-23,1007.0,2011-05-23,-189.0,1196.0,112.71428571428571,-65.14285714285714,2011-05-16,7,9,6,611.0,746.0,-0.5887581766272748,-0.5887581766272748,-0.4418497191230263,-0.6229171181381653,-2.0662447109807967,-1.312378019312184
Жиганск,2012,1107.0,2012-05-24,1107.0,2012-05-24,-151.0,1258.0,114.0,-27.142857142857142,2012-05-16,8,37,20,611.0,746.0,-0.017494936722096097,-0.017494936722096097,-0.10180711138831561,-0.5860944313516726,0.41546475421865886,0.4801382997483599
Жиганск,2013,1121.0,2013-05-22,1121.0,2013-05-22,-188.0,1309.0,157.57142857142858,-44.57142857142857,2013-05-19,3,42,12,611.0,746.0,0.06248191686462892,0.06248191686462892,0.1779053562644303,0.6617855097461294,0.8586271587185617,-0.5441567397148079
Жиганск,2014,1062.0,2014-05-21,1062.0,2014-05-21,-90.0,1152.0,107.71428571428571,-41.857142857142854,2014-05-13,8,26,11,611.0,746.0,-0.27456339467942653,-0.27456339467942653,-0.6831702794508855,-0.7661164556411917,-0.5594925356811273,-0.6721936196477039
Жиганск,2015,1331.0,2015-05-25,1331.0,2015-05-25,-111.0,1442.0,171.0,-77.85714285714286,2015-05-19,6,40,15,611.0,746.0,1.2621347206655043,1.2621347206655043,0.9073515954372775,1.0463780161828284,0.6813621969186006,-0.16004609991611998
Жиганск,2016,863.0,2016-05-23,863.0,2016-05-23,-178.0,1041.0,107.42857142857143,-33.857142857142854,2016-05-21,2,39,11,611.0,746.0,-1.4113772420907322,-1.4113772420907322,-1.2919562384598031,-0.7742992749270787,0.59272971601862,-0.6721936196477039
Жиганск,2017,914.0,2017-05-30,914.0,2017-05-30,-269.0,1183.0,105.0,-36.0,2017-05-22,8,29,13,611.0,746.0,-1.120032989739091,-1.120032989739091,-0.5131489755835301,-0.8438532388571202,-0.29359509298118563,-0.41611985978191196
Жиганск,2018,1467.0,2018-05-27,1467.0,2018-05-27,-190.0,1657.0,182.28571428571428,-93.28571428571429,2018-05-21,6,26,16,611.0,746.0,2.0390527269365473,2.0390527269365473,2.086531606130226,1.3695993779753737,-0.5594925356811273,-0.032009219983223994
Жиганск,2019,1374.0,2019-05-27,1374.0,2019-05-27,-154.0,1528.0,205.28571428571428,-58.57142857142857,2019-05-22,5,36,17,611.0,746.0,1.5077779138247311,1.5077779138247311,1.3790235997144569,2.0283163304892953,0.3268322733186783,0.09602765994967198
Жиганск,2020,1039.0,2020-05-23,1039.0,2020-05-23,-205.0,1244.0,166.14285714285714,-46.57142857142857,2020-05-19,4,21,10,611.0,746.0,-0.40595393985761763,-0.40595393985761763,-0.178590926038089,0.9072700883227456,-1.00265494018103,-0.8002304995805999
Жиганск,2021,910.0,2021-05-26,910.0,2021-05-26,-246.0,1156.0,129.57142857142858,-49.0,2021-05-19,7,22,8,611.0,746.0,-1.1428835193352982,-1.1428835193352982,-0.6612320466938074,-0.1401307802708186,-0.9140224592810495,-1.0563042594463918
Жиганск,2022,1092.0,2022-05-29,1092.0,2022-05-29,28.0,1064.0,150.28571428571428,-28.428571428571427,2022-05-26,3,48,32,611.0,746.0,-0.10318442270787291,-0.10318442270787291,-1.165811400106604,0.45312361795600453,1.3904220441184452,2.0165808589431116
Жиганск,2023,1226.0,2023-05-31,1226.0,2023-05-31,-304.0,1530.0,108.28571428571429,-34.42857142857143,2023-05-19,12,40,27,611.0,746.0,0.6623083187650666,0.6623083187650666,1.389992716092996,-0.7497508170694169,0.6813621969186006,1.3763964592786317
Киренск,2008,503.0,2008-06-15,503.0,2008-06-15,27.0,476.0,27.0,-25.428571428571427,2008-05-07,39,42,19,244.10000000000036,312.0,0.48598737229400457,0.5142834377294603,0.2986168818036177,-0.9494910538022474,0.4806248004595052,0.15974171926585243
Киренск,2009,434.0,2009-06-08,434.0,2009-06-08,19.0,415.0,42.142857142857146,-18.428571428571427,2009-04-28,41,64,44,244.10000000000036,312.0,-0.14522446183844373,-0.12151601944111547,-0.2937613227499003,-0.04632962517150583,1.6637012323598255,1.8412335010116674
Киренск,2010,596.0,2010-05-17,596.0,2010-05-17,52.0,544.0,51.285714285714285,-37.142857142857146,2010-05-06,11,36,30,244.10000000000036,312.0,1.3367511487333914,1.371230532176758,0.9589729131091786,0.4989753883413944,0.15796759175941777,0.899598103234011
Киренск,2011,404.0,2011-04-26,404.0,2011-04-26,14.0,390.0,51.0,-18.571428571428573,2011-04-23,3,28,5,244.10000000000036,312.0,-0.4196643897221169,-0.39795056603701795,-0.5365392754357683,0.4819346066691163,-0.27224201984069873,-0.7818936785118039
Киренск,2012,537.0,2012-05-11,537.0,2012-05-11,-12.0,549.0,70.14285714285714,-31.571428571428573,2012-05-07,4,26,16,244.10000000000036,312.0,0.7970192905621675,0.827575923871483,1.0075285036463524,1.6236669787117515,-0.37979442274072783,-0.042037294543645375
Киренск,2013,597.0,2013-05-07,597.0,2013-05-07,16.0,581.0,70.42857142857143,-36.42857142857143,2013-05-02,5,16,13,244.10000000000036,312.0,1.3458991463295138,1.380445017063288,1.3182842830842634,1.6407077603840299,-0.9175564372408735,-0.24381630835314316
Киренск,2014,284.0,2014-06-16,284.0,2014-06-16,10.0,274.0,21.142857142857142,-16.714285714285715,2014-04-19,58,6,0,244.10000000000036,312.0,-1.5174241012568095,-1.503688752420628,-1.663028975898196,-1.2988270780839493,-1.4553184517410191,-1.1181920348609669
Киренск,2015,501.0,2015-05-27,501.0,2015-05-27,-18.0,519.0,55.57142857142857,-36.285714285714285,2015-04-30,27,41,25,244.10000000000036,312.0,0.4676913771017597,0.4958544679564001,0.7161949604233107,0.7545871134255664,0.4268485990094906,0.563299746884848
Киренск,2016,333.0,2016-05-26,333.0,2016-05-26,-7.0,340.0,24.142857142857142,-15.714285714285714,2016-05-04,22,19,4,244.10000000000036,312.0,-1.06917221904681,-1.0521789929806538,-1.0220951808075043,-1.1198988705250288,-0.7562278328908298,-0.8491533497816365
Киренск,2017,287.0,2017-05-28,287.0,2017-05-28,-40.0,327.0,20.285714285714285,-15.571428571428571,2017-05-02,26,5,0,244.10000000000036,312.0,-1.4899801084684423,-1.4760452977610377,-1.1483397162041558,-1.3499494231007838,-1.5090946531910336,-1.1181920348609669
Киренск,2018,449.0,2018-06-03,449.0,2018-06-03,-11.0,460.0,42.285714285714285,-24.285714285714285,2018-04-29,35,32,14,244.10000000000036,312.0,-0.008004497896607133,0.016701253856835775,0.14323899208466215,-0.037809234335367,-0.057137214040640476,-0.17655663708331057
Киренск,2019,357.0,2019-06-15,357.0,2019-06-15,-12.0,369.0,33.857142857142854,-21.0,2019-05-05,41,18,5,244.10000000000036,312.0,-0.8496202767398715,-0.8310313557039318,-0.7404727556918975,-0.5405122936675723,-0.8100040343408443,-0.7818936785118039
Киренск,2020,442.0,2020-05-03,442.0,2020-05-03,1.0,441.0,47.714285714285715,-26.285714285714285,2020-04-22,11,41,16,244.10000000000036,312.0,-0.0720404810694642,-0.0478001403488748,-0.04127225195659756,0.28596561743791776,0.4268485990094906,-0.042037294543645375
Киренск,2021,347.0,2021-06-09,347.0,2021-06-09,6.0,341.0,29.0,-16.285714285714285,2021-05-09,31,32,10,244.10000000000036,312.0,-0.9411002527010959,-0.9231762045692327,-1.0123840627000698,-0.8302055820963004,-0.057137214040640476,-0.44559532216264097
Киренск,2022,627.0,2022-06-05,627.0,2022-06-05,-14.0,641.0,35.857142857142854,-55.142857142857146,2022-05-04,32,55,13,244.10000000000036,312.0,1.6203390742131871,1.6568795636591904,1.9009513695303466,-0.42122682196162525,1.1797154193096946,-0.24381630835314316
Киренск,2023,500.0,2023-08-23,457.0,2023-05-14,0.0,457.0,64.85714285714286,-25.571428571428573,2023-05-07,7,68,52,244.10000000000036,312.0,0.4585433795056373,0.09041713294907644,0.11410563776235798,1.3084125177746062,1.878806038159884,2.379310871170328
Ленск,2008,858.0,2008-06-11,858.0,2008-06-11,26.0,832.0,76.42857142857143,-30.285714285714285,2008-05-12,30,44,19,566.0,677.5,-0.7449954753552313,-0.723630354508948,-0.8226345623881329,-1.4859384047039574,0.5958273594203285,0.19969817669385484
Ленск,2009,1353.0,2009-05-05,1353.0,2009-05-05,45.0,1308.0,174.14285714285714,-141.28571428571428,2009-05-03,2,51,30,566.0,677.5,1.662333845254084,1.6485353771594575,1.648838742206747,1.4526430736263845,0.9906951952491851,1.1496138279943535
Ленск,2010,1210.0,2010-05-15,1210.0,2010-05-15,41.0,1169.0,147.14285714285714,-72.14285714285714,2010-05-12,3,26,12,566.0,677.5,0.9668831526336151,0.9632430546774737,0.9271269998985783,0.64066661250879,-0.4195470755681603,-0.40479360140646253
Ленск,2011,1222.0,2011-05-03,1222.0,2011-05-03,38.0,1184.0,161.42857142857142,-124.57142857142857,2011-05-01,2,12,4,566.0,677.5,1.025242651315053,1.02075010271792,1.0050095620181647,1.0702837877032843,-1.2092827472258738,-1.0956413478068252
Ленск,2012,1066.0,2012-05-12,1066.0,2012-05-12,39.0,1027.0,135.14285714285714,-51.57142857142857,2012-05-11,1,71,47,566.0,677.5,0.26656916845635975,0.2731584781921194,0.1898387451664922,0.2797881853454146,2.1188890119030614,2.6176652890951244
Ленск,2013,1210.0,2013-05-08,1210.0,2013-05-08,7.0,1203.0,165.71428571428572,-91.85714285714286,2013-05-07,1,18,7,566.0,677.5,0.9668831526336151,0.9632430546774737,1.103660807369641,1.199168940261633,-0.8708246022297108,-0.8365734429066892
Ленск,2014,792.0,2014-04-28,792.0,2014-04-28,-12.0,804.0,102.14285714285714,-72.14285714285714,2014-04-26,2,11,2,566.0,677.5,-1.06597271810314,-1.039919118731402,-0.9680153450113612,-0.7126274893538677,-1.2656924380585675,-1.2683532844069159
Ленск,2015,803.0,2015-05-06,803.0,2015-05-06,1.0,802.0,106.42857142857143,-49.0,2015-05-04,2,36,19,566.0,677.5,-1.0124765109784886,-0.9872043246943263,-0.978399686627306,-0.5837423367955191,0.14454983275877792,0.19969817669385484
Ленск,2016,981.0,2016-05-13,981.0,2016-05-13,7.0,974.0,122.28571428571429,-83.14285714285714,2016-05-11,2,22,8,566.0,677.5,-0.14681061387049232,-0.13418311209437445,-0.08534630765604694,-0.10686727232963013,-0.6451858388989355,-0.7502174746066439
Ленск,2017,757.0,2017-07-17,722.0,2017-05-15,2.0,720.0,63.857142857142854,-34.0,2017-05-07,8,10,5,566.0,677.5,-1.2361879225906673,-1.375376898967338,-1.4041576928810457,-1.8640015188751127,-1.3221021288912613,-1.00928537950678
Ленск,2018,931.0,2018-05-08,931.0,2018-05-08,-12.0,943.0,125.57142857142857,-86.14285714285714,2018-05-05,3,39,28,566.0,677.5,-0.3899751917098171,-0.37379581226290026,-0.24630360270319246,-0.00805532203489665,0.31377890525685936,0.9769018913942629
Ленск,2019,885.0,2019-05-14,885.0,2019-05-14,18.0,867.0,113.0,-77.71428571428571,2019-05-11,3,22,15,566.0,677.5,-0.6136866033219959,-0.594239496417944,-0.6409085841090977,-0.38611843620605174,-0.6451858388989355,-0.1457256965063265
Ленск,2020,1098.0,2020-05-05,1098.0,2020-05-05,0.0,1098.0,136.71428571428572,-97.57142857142857,2020-05-01,4,39,16,566.0,677.5,0.4221944982735276,0.42651060629997595,0.5584828725325353,0.32704607461680935,0.31377890525685936,-0.05936972820628117
Ленск,2021,821.0,2021-06-10,821.0,2021-06-10,27.0,794.0,98.0,-63.142857142857146,2021-05-14,27,29,12,566.0,677.5,-0.9249372629563316,-0.900943752633657,-1.0199370530910856,-0.8372164701602709,-0.25031800307007884,-0.40479360140646253
Ленск,2022,841.0,2022-05-12,841.0,2022-05-12,-4.0,845.0,111.14285714285714,-43.714285714285715,2022-05-10,2,53,21,566.0,677.5,-0.8276714318206017,-0.8050986725662467,-0.7551363418844913,-0.44196866898133613,1.1035145769145729,0.3724101132939455
Ленск,2023,1351.0,2023-05-15,1351.0,2023-05-15,74.0,1277.0,174.28571428571428,-125.42857142857143,2023-05-13,2,52,22,566.0,677.5,1.6526072621405108,1.6389508691527166,1.4878814471596014,1.4569392453783292,1.047104886081879,0.45876608159399085
Олёкминск,2008,816.0,2008-09-05,779.0,2008-06-11,40.0,739.0,84.57142857142857,-25.571428571428573,2008-05-13,29,41,23,602.6999999999998,700.0,-0.5646515031955138,-0.635835442726882,-0.582815543541824,-0.5089436546733813,0.46336616394892766,0.5485671571703193
Олёкминск,2009,920.0,2009-06-11,920.0,2009-06-11,42.0,878.0,91.28571428571429,-70.28571428571429,2009-05-02,40,41,31,602.6999999999998,700.0,0.33018668853528144,0.42908271524776226,0.46165002361129165,-0.20829508569114788,0.46336616394892766,1.2237267352260972
Олёкминск,2010,1076.0,2010-05-18,1076.0,2010-05-18,46.0,1030.0,116.71428571428571,-57.285714285714285,2010-05-11,7,22,10,602.6999999999998,700.0,1.6724439761314742,1.6072900389643898,1.6037994207859216,0.9303314096032661,-0.6037801530243603,-0.5485671571703193
Олёкминск,2011,1048.0,2011-05-09,1048.0,2011-05-09,41.0,1007.0,116.0,-100.42857142857143,2011-05-03,6,16,7,602.6999999999998,700.0,1.4315260014347218,1.395816929579354,1.43097418305555,0.8983475192860075,-0.9407737268053986,-0.801751998941236
Олёкминск,2012,1011.0,2012-06-11,1011.0,2012-06-11,46.0,965.0,125.71428571428571,-46.857142857142854,2012-05-11,31,73,44,602.6999999999998,700.0,1.1131701062997272,1.1163703207491285,1.1153802706783496,1.3333284276007273,2.260665224114465,2.320861049566736
Олёкминск,2013,951.0,2013-05-09,951.0,2013-05-09,50.0,901.0,125.14285714285714,-28.428571428571427,2013-05-06,3,31,17,602.6999999999998,700.0,0.5969173033781147,0.6632136577811947,0.6344752613416633,1.3077413153469204,-0.09828979235280284,0.04219747362848611
Олёкминск,2014,638.0,2014-05-02,638.0,2014-05-02,59.0,579.0,74.14285714285714,-38.42857142857143,2014-04-29,3,2,0,602.6999999999998,700.0,-2.096201485196298,-1.7007536007015263,-1.7850780668835398,-0.9759084533053604,-1.7270920656278212,-1.3925166297400415
Олёкминск,2015,876.0,2015-05-08,876.0,2015-05-08,47.0,829.0,110.42857142857143,-35.142857142857146,2015-05-06,2,33,15,602.6999999999998,700.0,-0.04839870027390118,0.09676782907127751,0.09345712583789119,0.6488731748113887,0.014041398907543263,-0.12659242088545833
Олёкминск,2016,868.0,2016-06-09,868.0,2016-06-09,9.0,859.0,66.28571428571429,-28.285714285714285,2016-05-08,32,24,12,602.6999999999998,700.0,-0.11723240733011621,0.03634694067555302,0.3188813489644629,-1.3277312467952072,-0.4914489617640142,-0.37977726265637496
Олёкминск,2017,846.0,2017-07-18,637.0,2017-05-31,19.0,618.0,53.142857142857146,-26.714285714285715,2017-05-11,20,11,5,602.6999999999998,700.0,-0.3065251017347075,-1.7083062117509917,-1.4920265768189964,-1.9162348286327697,-1.221601704956264,-0.9705418934551805
Олёкминск,2018,896.0,2018-07-18,847.0,2018-06-05,54.0,793.0,94.57142857142857,-42.0,2018-05-07,29,37,25,602.6999999999998,700.0,0.12368556736663636,-0.12225789136322378,-0.17705194191399487,-0.06116919023175761,0.23870378142823548,0.7173570516842638
Олёкминск,2019,756.0,2019-06-16,756.0,2019-06-16,38.0,718.0,73.85714285714286,-31.571428571428573,2019-05-11,36,18,8,602.6999999999998,700.0,-1.0809043061171264,-0.8095454968645899,-0.7406124997304241,-0.9887020094322636,-0.8284425355450525,-0.7173570516842638
Олёкминск,2020,751.0,2020-05-31,751.0,2020-05-31,59.0,692.0,78.14285714285714,-34.285714285714285,2020-05-04,27,38,7,602.6999999999998,700.0,-1.123925373027261,-0.8473085521119177,-0.935980159773453,-0.7967986675287109,0.29486937705840854,-0.801751998941236
Олёкминск,2021,786.0,2021-05-11,786.0,2021-05-11,63.0,723.0,100.71428571428571,-44.57142857142857,2021-05-09,2,31,9,602.6999999999998,700.0,-0.8227779046563202,-0.5829671653806231,-0.7030417958759955,0.21389226649666818,-0.09828979235280284,-0.6329621044272916
Олёкминск,2022,960.0,2022-05-20,960.0,2022-05-20,32.0,928.0,114.0,-25.142857142857142,2022-05-14,6,56,32,602.6999999999998,700.0,0.6743552238163565,0.7311871572263847,0.8373570621555778,0.8087926263976828,1.3058500984015236,1.3081216824830693
Олёкминск,2023,907.0,2023-05-14,907.0,2023-05-14,101.0,806.0,110.28571428571429,-35.285714285714285,2023-05-10,4,50,19,602.6999999999998,700.0,0.21833191456893203,0.33089877160470993,-0.07936811189248046,0.6424763967479371,0.9688565246204851,0.21098736814243055
Покровск,2008,803.0,2008-05-19,803.0,2008-05-19,145.0,658.0,73.42857142857143,-30.428571428571427,2008-05-13,6,52,28,565.5,631.0,-0.23780977638285067,-0.10180000106389574,-0.7087849499364662,-0.34599476091465675,1.2382512382518573,0.9501849339281494
Покровск,2009,799.0,2009-05-15,799.0,2009-05-15,119.0,680.0,85.85714285714286,-54.57142857142857,2009-05-04,11,47,38,565.5,631.0,-0.2750220641298004,-0.1368279584192147,-0.5041153007341396,0.40303277748845695,0.9207509207513811,1.7631773907650685
Покровск,2010,1123.0,2010-05-20,1123.0,2010-05-20,122.0,1001.0,121.14285714285714,-67.0,2010-05-17,3,20,10,565.5,631.0,2.7391732433731284,2.7004365873616214,2.4822009444452617,2.5295822255984457,-0.7937507937511906,-0.5132014883783053
Покровск,2011,827.0,2011-05-13,827.0,2011-05-13,-6.0,833.0,74.71428571428571,-54.285714285714285,2011-05-07,6,19,5,565.5,631.0,-0.014536049901152242,0.10836774306801805,0.9192690778093134,-0.2685091534936455,-0.8572508572512859,-0.9196977167967649
Покровск,2012,879.0,2012-05-19,879.0,2012-05-19,93.0,786.0,80.57142857142857,-57.142857142857146,2012-05-11,8,67,41,565.5,631.0,0.46922369080919435,0.5637311886871645,0.4820202817861612,0.08448083586874161,2.1907521907532863,2.0070751278161443
Покровск,2013,935.0,2013-05-14,935.0,2013-05-14,99.0,836.0,102.28571428571429,-43.42857142857143,2013-05-10,4,32,17,565.5,631.0,0.9901957192664907,1.0541225916616301,0.9471785754278125,1.393126650090274,-0.031750031750047626,0.0558932314075382
Покровск,2014,865.0,2014-07-03,703.0,2014-05-07,85.0,618.0,61.57142857142857,-34.57142857142857,2014-05-01,6,10,7,565.5,631.0,0.3389806836948703,-0.9774989349468698,-1.0809115848497872,-1.0605842515750987,-1.428751428752143,-0.757099225429381
Покровск,2015,839.0,2015-12-03,816.0,2015-05-12,48.0,768.0,95.14285714285714,-40.857142857142854,2015-05-09,3,33,14,565.5,631.0,0.09710081333969697,0.012040860340890894,0.3145632960751667,0.9626510533068747,0.031750031750047626,-0.18800450564353757
Покровск,2016,732.0,2016-06-12,732.0,2016-06-12,64.0,668.0,65.71428571428571,-41.285714285714285,2016-05-07,36,25,13,565.5,631.0,-0.8983278838912085,-0.7235462441208074,-0.6157532912081359,-0.8109084054407277,-0.47625047625071437,-0.2693037513272295
Покровск,2017,704.0,2017-07-21,666.0,2017-05-18,64.0,602.0,64.71428571428571,-21.428571428571427,2017-05-16,2,20,8,565.5,631.0,-1.1588138981198568,-1.3015075404835703,-1.2297622388151157,-0.8711749889904036,-0.7937507937511906,-0.6757999797456891
Покровск,2018,899.0,2018-05-17,899.0,2018-05-17,95.0,804.0,85.0,-56.285714285714285,2018-05-09,8,37,24,565.5,631.0,0.655285129543943,0.7388709754637593,0.6494772674971556,0.3513757058744489,0.2857502857504286,0.6249879511933817
Покровск,2019,652.0,2019-05-19,652.0,2019-05-19,64.0,588.0,58.42857142857143,-29.285714285714285,2019-05-13,6,14,1,565.5,631.0,-1.6425736388302032,-1.4241053912271866,-1.360006561034778,-1.249993514159794,-1.174751174751762,-1.2448946995315326
Покровск,2020,828.0,2020-05-13,828.0,2020-05-13,52.0,776.0,77.85714285714286,-43.0,2020-05-07,6,30,4,565.5,631.0,-0.005232977964414807,0.11712473240684779,0.3889886230578309,-0.0790998909089495,-0.15875015875023812,-1.0009969624804569
Покровск,2021,740.0,2021-05-19,740.0,2021-05-19,55.0,685.0,72.0,-40.57142857142857,2021-05-12,7,24,8,565.5,631.0,-0.8239033083973091,-0.6534903294101694,-0.4575994713699745,-0.4320898802713366,-0.5397505397508097,-0.6757999797456891
Покровск,2022,834.0,2022-05-23,834.0,2022-05-23,71.0,763.0,84.42857142857143,-19.571428571428573,2022-05-17,6,53,30,565.5,631.0,0.050585453656009804,0.16966666843982622,0.26804746671100155,0.3169376581317771,1.3017513017519526,1.1127834252955333
Покровск,2023,798.0,2023-05-19,798.0,2023-05-19,117.0,681.0,63.857142857142854,-21.142857142857142,2023-05-10,9,37,13,565.5,631.0,-0.28432513606653786,-0.14558494775804445,-0.4948121348613066,-0.9228320606044113,0.2857502857504286,-0.2693037513272295
Сангар,2008,1191.0,2008-05-25,1191.0,2008-05-25,107.0,1084.0,110.0,-71.0,2008-05-18,7,26,13,645.0,733.5500000000002,1.2288931383062125,1.2288931383062125,1.1203194909124192,0.060861905962216294,-0.5517580167744218,-0.3910846688568737
Сангар,2009,1040.0,2009-05-19,1040.0,2009-05-19,147.0,893.0,86.28571428571429,-44.285714285714285,2009-05-13,6,43,30,645.0,733.5500000000002,0.03315982290234242,0.03315982290234242,-0.5233177458750763,-1.2750820794563542,0.8775579885840804,1.6947002317131195
Сангар,2010,1006.0,2010-05-22,1006.0,2010-05-22,91.0,915.0,108.28571428571429,-32.42857142857143,2010-05-19,3,18,13,645.0,733.5500000000002,-0.23607814215548262,-0.23607814215548262,-0.3339982735749459,-0.03571235804394512,-1.224377313413717,-0.3910846688568737
Сангар,2011,918.0,2011-05-17,918.0,2011-05-17,64.0,854.0,99.71428571428571,-51.142857142857146,2011-05-13,4,11,6,645.0,733.5500000000002,-0.9329293458345591,-0.9329293458345591,-0.8589295376798528,-0.5185836780747546,-1.8129191979731003,-1.2499372749739297
Сангар,2012,1075.0,2012-05-16,1075.0,2012-05-16,86.0,989.0,127.71428571428571,-28.857142857142858,2012-05-13,3,43,17,645.0,733.5500000000002,0.31031655163833877,0.31031655163833877,0.30280358779821986,1.0587959673592207,0.8775579885840804,0.09968824892430114
Сангар,2013,914.0,2013-05-15,914.0,2013-05-15,75.0,839.0,109.0,-25.142857142857142,2013-05-13,2,56,28,645.0,733.5500000000002,-0.9646044005472444,-0.9646044005472444,-0.9880109960663054,0.0045269186252886034,1.9705643456229351,1.449313772822532
Сангар,2014,1015.0,2014-05-16,1015.0,2014-05-16,75.0,940.0,84.42857142857143,-49.42857142857143,2014-05-07,9,15,9,645.0,733.5500000000002,-0.16480926905194068,-0.16480926905194068,-0.11886250959752503,-1.3797041987963632,-1.4766095496534526,-0.8818575866380486
Сангар,2015,1021.0,2015-05-18,1021.0,2015-05-18,75.0,946.0,120.28571428571429,-47.0,2015-05-14,4,40,14,645.0,733.5500000000002,-0.11729668698291275,-0.11729668698291275,-0.06722992624294402,0.6403074899991872,0.6253257523443447,-0.26839143941158
Сангар,2016,764.0,2016-05-17,764.0,2016-05-17,49.0,715.0,83.14285714285714,-19.285714285714285,2016-05-15,2,39,14,645.0,733.5500000000002,-2.152418952272943,-2.152418952272943,-2.055084385394313,-1.4521348968009848,0.5412483402644328,-0.26839143941158
Сангар,2017,980.0,2017-05-22,980.0,2017-05-22,54.0,926.0,97.42857142857143,-44.142857142857146,2017-05-17,5,28,14,645.0,733.5500000000002,-0.44196599778793705,-0.44196599778793705,-0.2393385374248807,-0.6473493634163031,-0.383603192614598,-0.26839143941158
Сангар,2018,1267.0,2018-05-20,1267.0,2018-05-20,81.0,1186.0,146.71428571428572,-80.42857142857143,2018-05-16,4,35,9,645.0,733.5500000000002,1.8307191778472331,1.8307191778472331,1.9980734079402962,2.1291607267608477,0.20493869194478526,-0.8818575866380486
Сангар,2019,1073.0,2019-05-20,1073.0,2019-05-20,76.0,997.0,127.57142857142857,-39.285714285714285,2019-05-18,2,35,13,645.0,733.5500000000002,0.2944790242819961,0.2944790242819961,0.37164703227099455,1.050748112025374,0.20493869194478526,-0.3910846688568737
Сангар,2020,971.0,2020-05-17,971.0,2020-05-17,75.0,896.0,100.71428571428571,-40.714285714285715,2020-05-11,6,26,15,645.0,733.5500000000002,-0.513234870891479,-0.513234870891479,-0.49750145419778574,-0.4622486907378269,-0.5517580167744218,-0.1456982099662863
Сангар,2021,974.0,2021-05-23,974.0,2021-05-23,69.0,905.0,99.42857142857143,-53.857142857142854,2021-05-17,6,26,7,645.0,733.5500000000002,-0.48947857985696497,-0.48947857985696497,-0.42005257916591426,-0.5346793887424478,-0.5517580167744218,-1.1272440455286359
Сангар,2022,1163.0,2022-05-26,1163.0,2022-05-26,90.0,1073.0,124.42857142857143,-45.142857142857146,2022-05-22,4,40,25,645.0,733.5500000000002,1.0071677553174152,1.0071677553174152,1.025659754762354,0.8736952946807445,0.6253257523443447,1.0812340844866508
Сангар,2023,1201.0,2023-05-22,1201.0,2023-05-22,98.0,1103.0,117.57142857142857,-52.0,2023-05-18,4,40,32,645.0,733.5500000000002,1.3080807750879255,1.3080807750879255,1.283822671535259,0.48739823865609727,0.6253257523443447,1.9400866906037069
Табага,2008,885.0,2008-05-20,885.0,2008-05-20,68.0,817.0,85.14285714285714,-27.428571428571427,2008-05-13,7,53,28,649.0,722.0,-0.1974969698995959,-0.16227442665160802,-0.2515025966822414,0.020891549229791296,1.2484287143789203,0.9402930763003838
Табага,2009,853.0,2009-05-15,853.0,2009-05-15,90.0,763.0,64.42857142857143,-44.285714285714285,2009-05-04,11,46,34,649.0,722.0,-0.4429300975418121,-0.3996587307819603,-0.6480322381666512,-0.8294311562634715,0.8208323351421035,1.4230103775027199
Табага,2010,1199.0,2010-05-20,1199.0,2010-05-20,82.0,1117.0,135.0,-62.857142857142854,2010-05-17,3,18,10,649.0,722.0,2.210815595089651,2.167059057627474,1.9514398560089243,2.067530336934266,-0.8895531818051634,-0.5078588273066245
Табага,2011,939.0,2011-05-16,939.0,2011-05-16,63.0,876.0,69.71428571428571,-74.71428571428571,2011-05-06,10,18,6,649.0,722.0,0.21667143299664401,0.23831158656836146,0.18174275234702117,-0.6124522589996737,-0.8895531818051634,-0.8296703614415152
Табага,2012,943.0,2012-05-20,943.0,2012-05-20,58.0,885.0,93.14285714285714,-34.714285714285715,2012-05-11,9,69,44,649.0,722.0,0.24735057395192106,0.2679846245846555,0.24783102592775613,0.34929204238581013,2.2257918669202157,2.2275392128399467
Табага,2013,903.0,2013-05-16,903.0,2013-05-16,75.0,828.0,98.57142857142857,-26.571428571428573,2013-05-10,6,35,18,649.0,722.0,-0.05944083560084924,-0.02874575557828485,-0.17072804008356535,0.5721352341702516,0.14889516776996298,0.13576424096315703
Табага,2014,736.0,2014-05-13,736.0,2014-05-13,50.0,686.0,66.42857142857143,-34.714285714285715,2014-04-30,13,5,1,649.0,722.0,-1.3402949704836653,-1.2675950927585609,-1.2134541343573837,-0.7473310329744668,-1.683660743244966,-1.2319347791101285
Табага,2015,1037.0,2015-05-13,1037.0,2015-05-13,36.0,1001.0,127.85714285714286,-43.142857142857146,2015-05-10,3,33,17,649.0,722.0,0.9683103864009313,0.9653010179675653,1.0996354409683402,1.7743156109021065,0.026724773702301044,0.05531135742943434
Табага,2016,823.0,2016-06-13,823.0,2016-06-13,31.0,792.0,41.285714285714285,-19.142857142857142,2016-05-08,36,26,14,649.0,722.0,-0.6730236547063898,-0.6222065159041655,-0.43508113440650525,-1.779446868607669,-0.4008716055345157,-0.18604729317173369
Табага,2017,798.0,2017-07-22,736.0,2017-05-19,30.0,706.0,73.28571428571429,-20.714285714285715,2017-05-14,5,20,8,649.0,722.0,-0.8647682856768713,-1.2675950927585609,-1.0665913041779727,-0.46584489598359335,-0.7673827877375015,-0.6687645943740698
Табага,2018,1147.0,2018-05-18,1147.0,2018-05-18,24.0,1123.0,107.14285714285714,-80.85714285714286,2018-05-09,9,36,24,649.0,722.0,1.8119867626710495,1.7813095634156513,1.9954987050627475,0.9239929054088432,0.20998036480379392,0.6184815421654931
Табага,2019,741.0,2019-05-19,741.0,2019-05-19,63.0,678.0,68.14285714285714,-28.571428571428573,2019-05-12,7,17,2,649.0,722.0,-1.301946044289569,-1.2305037952381932,-1.2721992664291482,-0.6769594987267488,-0.9506383788389944,-1.151481895576406
Табага,2020,961.0,2020-05-14,961.0,2020-05-14,46.0,915.0,89.71428571428571,-51.857142857142854,2020-05-07,7,36,6,649.0,722.0,0.3854067082506677,0.40151329565797866,0.4681252711968727,0.2085489738903734,0.20998036480379392,-0.8296703614415152
Табага,2021,816.0,2021-05-20,816.0,2021-05-20,59.0,757.0,76.57142857142857,-40.57142857142857,2021-05-13,7,23,6,649.0,722.0,-0.7267121513781246,-0.6741343324326801,-0.6920910872204745,-0.33096612200880027,-0.5841271966360085,-0.8296703614415152
Табага,2022,931.0,2022-05-23,931.0,2022-05-23,44.0,887.0,91.57142857142857,-19.428571428571427,2022-05-18,5,51,29,649.0,722.0,0.15531315108608995,0.1789655105357734,0.26251730894569725,0.2847848026587351,1.1262583203112584,1.0207459598341064
Табага,2023,860.0,2023-05-20,860.0,2023-05-20,71.0,789.0,66.14285714285714,-20.142857142857142,2023-05-10,10,35,14,649.0,722.0,-0.3892416008700773,-0.3477309142534457,-0.4571105589334169,-0.7590596220157535,0.14889516776996298,-0.18604729317173369
Якутск,2008,651.0,2008-05-20,651.0,2008-05-20,-248.0,899.0,100.14285714285714,-36.285714285714285,2008-05-14,6,47,26,362.0,435.0,0.018266645879456627,0.018266645879456627,-0.2963265049852469,0.1718821485137448,0.885845484394554,0.7803518574663343
Якутск,2009,558.0,2009-06-14,558.0,2009-06-14,-171.0,729.0,57.42857142857143,-43.57142857142857,2009-05-04,41,46,35,362.0,435.0,-0.6970167506634766,-0.6970167506634766,-1.6419159767045648,-1.5592424798857387,0.8231307598356475,1.5245284632620437
Якутск,2010,845.0,2010-05-21,845.0,2010-05-21,-192.0,1037.0,125.42857142857143,-56.285714285714285,2010-05-17,4,18,10,362.0,435.0,1.5103631935066506,1.5103631935066506,0.795975536763376,1.1966616108104293,-0.9328815278137339,-0.5426287750593715
Якутск,2011,829.0,2011-05-16,829.0,2011-05-16,-305.0,1134.0,100.85714285714286,-103.0,2011-05-08,8,19,7,362.0,435.0,1.3873036844239954,1.3873036844239954,1.5637530588620456,0.2008307208950074,-0.8701668032548274,-0.7906876436579413
Якутск,2012,704.0,2012-05-20,704.0,2012-05-20,-269.0,973.0,104.0,-43.142857142857146,2012-05-12,8,68,42,362.0,435.0,0.4259012697157519,0.4259012697157519,0.28940067682198567,0.3282044393725612,2.2028547001315903,2.1033324899920403
Якутск,2013,747.0,2013-05-16,747.0,2013-05-16,-278.0,1025.0,118.57142857142857,-44.57142857142857,2013-05-11,5,34,19,362.0,435.0,0.7566237003753876,0.7566237003753876,0.7009927505243653,0.9187553159503115,0.0705540651287698,0.201547830736338
Якутск,2014,432.0,2014-05-13,432.0,2014-05-13,-328.0,760.0,63.857142857142854,-34.142857142857146,2014-04-30,13,2,0,362.0,435.0,-1.6661103846893859,-1.6661103846893859,-1.396543778920454,-1.2987053284543784,-1.9363171207562377,-1.3694916703879376
Якутск,2015,644.0,2015-05-14,644.0,2015-05-14,-328.0,972.0,120.28571428571429,-32.857142857142854,2015-05-09,5,33,13,362.0,435.0,-0.03557188934420501,-0.03557188934420501,0.2814854446354014,0.9882318896653413,0.00783934056986331,-0.29456990646080167
Якутск,2016,536.0,2016-06-13,536.0,2016-06-13,-345.0,881.0,41.42857142857143,-19.142857142857142,2016-05-08,36,28,15,362.0,435.0,-0.8662235756521274,-0.8662235756521274,-0.4388006843437629,-2.2076905012260135,-0.3057342822246691,-0.12919732739508846
Якутск,2017,527.0,2017-05-19,527.0,2017-05-19,-338.0,865.0,96.42857142857143,-26.285714285714285,2017-05-16,3,22,12,362.0,435.0,-0.9354445495111209,-0.9354445495111209,-0.5654443993291105,0.021349572131181254,-0.682022629578108,-0.3772561959936583
Якутск,2018,654.0,2018-05-16,654.0,2018-05-16,-299.0,953.0,105.14285714285714,-40.857142857142854,2018-05-09,7,39,24,362.0,435.0,0.04134030383245447,0.04134030383245447,0.1310960330903012,0.3745221551825807,0.3841276879233022,0.614979278400621
Якутск,2019,468.0,2019-05-20,468.0,2019-05-20,-318.0,786.0,81.42857142857143,-30.857142857142858,2019-05-13,7,18,3,362.0,435.0,-1.3892264892534119,-1.3892264892534119,-1.190747742069264,-0.5865704478753264,-0.9328815278137339,-1.1214328017893678
Якутск,2020,854.0,2020-05-14,854.0,2020-05-14,-328.0,1182.0,123.57142857142857,-76.0,2020-05-09,5,39,6,362.0,435.0,1.579584167365644,1.579584167365644,1.9436842038180884,1.1213953226191473,0.3841276879233022,-0.8733739331907979
Якутск,2021,600.0,2021-05-20,600.0,2021-05-20,-305.0,905.0,97.57142857142857,-50.714285714285715,2021-05-13,7,27,9,362.0,435.0,-0.37398553932150674,-0.37398553932150674,-0.24883511186574153,0.06766728794120072,-0.36844900678357556,-0.6253150645922281
Якутск,2022,733.0,2022-05-23,733.0,2022-05-23,-285.0,1018.0,114.71428571428571,-25.571428571428573,2022-05-18,5,52,32,362.0,435.0,0.6489466299280644,0.6489466299280644,0.6455861252182757,0.762433025091495,1.1994191071890865,1.2764695946634739
Якутск,2023,596.0,2023-05-20,596.0,2023-05-20,-268.0,864.0,83.57142857142857,-22.142857142857142,2023-05-11,9,34,12,362.0,435.0,-0.40475041659217054,-0.40475041659217054,-0.5733596315156947,-0.4997247307315398,0.0705540651287698,-0.3772561959936583
